VAR1;WAVE_NON;TREE_NO;C1999;C1998;C1997;C1996;C1995;C1994;C1993;C1992;C1991;NOTES_IN;G1998;G1997;G1996;G1995;G1994;G1993;G1992;G1991;G1990;DBH;DBH_MM;DBH_2;DBH_2MM;AGE;GOOD_OR;PC1998;AC1998;PC1994;AC1994;R3PC1998;RPC1994;RAC1994;RLOOKOUT;RSHREWYS;RWILLS;C8TOT;G8TOT;RAC1994I;RPC1994I;R3PC1998;AC1998I;TOTCONES
Blackbea;n;1066;0;0;0;0;0;19;0;0;0;;17;24;18;22;15;12;24;36;45;9.4;94;88.36;883.6;42;g;196;17;117;96;64;72;55;0;0;0;19;168;517;676.8;601.6;159.8;19
Blackbea;n;1068;0;22;0;0;0;20;0;0;0;;19;31;26;21;18;24;33;47;28;10.6;106;112.36;1123.6;42;g;228;19;132;115;78;104;65;0;0;0;42;219;689;1102.4;826.8;201.4;42
Blackbea;n;1069;0;22;0;0;0;18;0;0;0;;15;20;16;22;15;22;22;15;24;7.7;77;59.29;592.9;45;g;156;15;83;88;58;59;53;0;0;0;40;147;408.1;454.3;446.6;115.5;40
Blackbea;n;1077;0;17;0;0;0;51;0;0;0;;18;18;20;10;7;25;35;45;27;10.6;106;112.36;1123.6;44;g;187;18;132;73;48;105;37;0;0;0;68;178;392.2;1113;508.8;190.8;68
Blackbea;n;1080;0;2;0;0;0;3;0;0;0;;14;22;21;18;19;16;14;19;21;8.7;87;75.69;756.9;35;g;150;14;70;94;61;49;58;0;0;0;5;143;504.6;426.3;530.7;121.8;5
Blackbea;n;1085;0;0;0;0;0;0;0;0;0;;20;21;16;15;18;13;20;22;20;10.1;101;102.01;1020.1;45;g;145;20;75;90;52;55;49;0;0;0;0;145;494.9;555.5;525.2;202;0
Blackbea;n;1086;0;0;0;0;0;21;0;0;0;;18;19;10;6;6;10;10;17;21;8.1;81;65.61;656.1;38;g;99;18;58;59;35;37;22;0;0;0;21;96;178.2;299.7;283.5;145.8;21
Blackbea;n;1087;0;54;0;0;0;60;0;0;0;;22;28;30;31;27;23;23;34;31;11.6;116;134.56;1345.6;44;g;227;22;111;138;89;80;88;0;0;0;114;218;1020.8;928;1032.4;255.2;114
Blackbea;n;1092;0;0;0;0;0;37;0;0;0;;19;18;16;11;7;20;23;35;25;10.1;101;102.01;1020.1;39;g;155;19;103;71;45;78;34;0;0;0;37;149;343.4;787.8;454.5;191.9;37
Blackbea;n;1101;0;44;0;0;0;48;0;0;0;;18;24;16;14;10;15;17;23;17;13.3;133;176.89;1768.9;40;g;136;18;72;82;54;55;40;0;0;0;92;137;532;731.5;718.2;239.4;92
Blackbea;n;1102;0;43;3;0;0;38;0;0;0;;3;16;13;8;10;17;17;23;20;10;100;100;1000;40;g;124;3;77;50;37;57;31;0;0;0;84;107;310;570;370;30;84
Blackbea;n;1103;0;56;0;15;0;31;0;0;0;;16;25;17;22;24;21;18;24;35;13.4;134;179.56;1795.6;49;g;186;16;98;104;64;63;63;0;0;0;102;167;844.2;844.2;857.6;214.4;102
Blackbea;n;1104;0;52;0;0;29;17;0;0;0;;11;21;17;15;24;25;22;34;34;9.7;97;94.09;940.9;30;g;192;11;115;88;53;81;56;0;0;0;98;169;543.2;785.7;514.1;106.7;98
Blackbea;n;1106;0;26;0;0;0;37;0;0;0;;10;22;20;8;5;8;13;14;16;7.4;74;54.76;547.6;43;g;106;10;51;65;50;35;33;0;0;0;63;100;244.2;259;370;74;63
Blackbea;n;1107;1;8;0;0;0;0;0;0;0;;;;;;;;;;;8.7;87;75.69;756.9;;g;;;;;;;;0;0;0;9;;;;;;9
Blackbea;n;1108;0;10;0;0;0;21;0;0;0;;13;20;15;10;10;12;11;22;19;8.6;86;73.96;739.6;41;g;119;13;64;68;45;45;35;0;0;0;31;113;301;387;387;111.8;31
Blackbea;n;1114;0;6;0;5;0;24;0;0;0;;10;16;9;8;10;10;10;16;16;7.9;79;62.41;624.1;43;g;95;10;52;53;33;36;27;0;0;0;35;89;213.3;284.4;260.7;79;35
Blackbea;n;1116;0;74;25;0;0;117;0;0;0;;20;23;25;11;10;22;26;30;14;14.2;142;201.64;2016.4;39;g;161;20;92;89;59;78;46;0;0;0;216;167;653.2;1107.6;837.8;284;216
Blackbea;n;1117;0;0;0;0;0;27;0;0;0;;7.3;11.6;7.5;4.6;7.6;11.5;12.9;15.9;14;9.5;95;90.25;902.5;43;g;85.6;7.3;54.3;38.6;23.7;40.3;19.7;0;0;0;27;78.9;187.15;382.85;225.15;69.35;27
Blackbea;n;1120;0;137;25;25;7;103;0;0;0;;10;18;18;22;11;31;29;28;23;15.9;159;252.81;2528.1;46;g;180;10;111;79;58;88;51;0;0;0;297;167;810.9;1399.2;922.2;159;297
Blackbea;n;1124;0;0;0;0;0;36;0;0;0;;14;21;14;10;14;21;23;26;25;6;60;36;360;39;g;154;14;95;73;45;70;38;0;0;0;36;143;228;420;270;84;36
Blackbea;n;1128;2;24;16;0;19;56;10;0;0;;24;21;10;13;13;28;23;34;27;10.6;106;112.36;1123.6;41;g;169;24;112;81;44;85;36;0;0;0;127;166;381.6;901;466.4;254.4;127
Blackbea;n;1134;0;12;0;0;0;11;0;0;0;;16;21;14;15;17;21;13;23;12;7.3;73;53.29;532.9;46;g;136;16;69;83;50;57;46;0;0;0;23;140;335.8;416.1;365;116.8;23
Blackbea;n;1138;0;10;0;0;0;36;0;0;0;;22;20;21;10;10;19;18;19;21;10.3;103;106.09;1060.9;32;g;138;22;77;83;51;56;41;0;0;0;46;139;422.3;576.8;525.3;226.6;46
Blackbea;n;1140;0;8;0;0;0;19;0;0;0;;19;18;20;11;10;12;10;;;8.4;84;70.56;705.6;30;g;81;19;22;78;49;22;41;0;0;0;27;;344.4;184.8;411.6;159.6;27
Blackbea;n;1144;0;6;0;10;0;50;0;0;0;;31;28;10;10;9;17;18;25;25;10.2;102;104.04;1040.4;46;g;142;31;85;88;48;60;29;0;0;0;66;148;295.8;612;489.6;316.2;66
Blackbea;n;1147;0;11;0;0;0;0;0;0;0;;25;30;37;20;12;25;16;19;16;13.8;138;190.44;1904.4;72;g;175;25;76;124;87;60;69;0;0;0;11;184;952.2;828;1200.6;345;11
Blackbea;n;1148;0;1;0;0;0;19;0;0;0;;20;24;21;12;14;15;15;20;21;9.4;94;88.36;883.6;47;g;142;20;71;91;57;50;47;0;0;0;20;141;441.8;470;535.8;188;20
Blackbea;n;1150;0;30;0;17;0;94;0;0;0;;14;18;15;15;13;16;17;26;25;8.1;81;65.61;656.1;35;g;145;14;84;75;48;59;43;0;0;0;141;134;348.3;477.9;388.8;113.4;141
Blackbea;n;1152;0;0;0;0;0;3;0;0;0;;26;17;15;15;18;17;13;22;26;9.6;96;92.16;921.6;42;g;143;26;78;91;47;52;48;0;0;0;3;143;460.8;499.2;451.2;249.6;3
Blackbea;n;1154;0;5;0;5;0;12;0;0;0;;16;18;13;15;15;15;14;15;;7.3;73;53.29;532.9;38;g;105;16;44;77;46;44;43;0;0;0;22;121;313.9;321.2;335.8;116.8;22
Blackbea;n;1156;0;0;0;0;0;39;0;0;0;;18;17;30;8;7;10;10;12;19;7.4;74;54.76;547.6;45;g;113;18;51;80;55;32;45;0;0;0;39;112;333;236.8;407;133.2;39
Blackbea;n;1158;0;26;0;22;0;48;0;0;0;;12;18;11;12;13;19;18;29;34;10.3;103;106.09;1060.9;46;g;154;12;100;66;41;66;36;0;0;0;96;132;370.8;679.8;422.3;123.6;96
Blackbea;n;1164;0;5;0;2;0;0;;;;;10;16;13;24;11;14;;;;7;70;49;490;40;g;78;10;14;74;53;14;48;0;0;0;;;336;98;371;70;
Blackbea;n;1165;0;134.5;31;4;0;35;2;0;0;;13;20;27;15;11;22;21;25;20;13.4;134;179.56;1795.6;31;g;161;13;88;86;62;68;53;0;0;0;206.5;154;710.2;911.2;830.8;174.2;206.5
Blackbea;n;1166;0;11;0;0;0;29;0;0;0;;20;22;15;12;15;21;17;21;0;9.2;92;84.64;846.4;45;g;123;20;59;84;49;59;42;0;0;0;40;143;386.4;542.8;450.8;184;40
Blackbea;n;1167;0;82;0;48;0;101;0;0;0;;12;14;20.6;14.6;14.7;20.4;12;18.5;14.5;13.9;139;193.21;1932.1;39;g;129.3;12;65.4;75.9;49.2;50.9;49.9;0;0;0;231;126.8;693.61;707.51;683.88;166.8;231
Blackbea;n;1168;0;31;0;0;0;32.5;0;0;0;;13;21;26;13;13;12;14;18;36;10.9;109;118.81;1188.1;41;g;153;13;80;86;60;44;52;0;0;0;63.5;130;566.8;479.6;654;141.7;63.5
Blackbea;n;1173;0;57;0;0;0;145;0;0;0;;12.3;19.5;21.3;14.5;14;16.4;20;25.4;31;17.4;174;302.76;3027.6;48;g;162.1;12.3;92.8;81.6;55.3;61.8;49.8;0;0;0;202;143.4;866.52;1075.32;962.22;214.02;202
Blackbea;n;1175;0;26;2;0;0;7;14;5;0;;14;21;24;9;10;13;20;18;;10.2;102;104.04;1040.4;46;g;115;14;51;78;54;51;43;0;0;0;54;129;438.6;520.2;550.8;142.8;54
Blackbea;n;1178;0;0;0;0;0;32;0;0;0;;17;23;17;8;8;16;20;21;32;8.2;82;67.24;672.4;44;g;145;17;89;73;48;57;33;0;0;0;32;130;270.6;467.4;393.6;139.4;32
Blackbea;n;1180;10;42;20;0;4;31.5;0;0;0;;14;18;18;12;17;18;19;19;7;11.3;113;127.69;1276.9;41;g;128;14;63;79;48;56;47;0;0;0;107.5;135;531.1;632.8;542.4;158.2;107.5
Blackbea;n;1181;0;71;19;0;0;35.5;0;4;13;;6;15;13;20;23;21;20;8;22;16.1;161;259.21;2592.1;41;g;142;6;71;77;48;49;56;0;0;0;129.5;126;901.6;788.9;772.8;96.6;142.5
Blackbea;n;1184;0;18;0;17;0;47;0;0;0;;9;11;10;9;10;15;19;17;19;12.3;123;151.29;1512.9;39;g;110;9;70;49;30;51;29;0;0;0;82;100;356.7;627.3;369;110.7;82
Blackbea;n;1185;0;33;0;0;0;32;0;0;0;;11;15;16;12;11;9;14;23;22;8.3;83;68.89;688.9;40;g;122;11;68;65;43;46;39;0;0;0;65;111;323.7;381.8;356.9;91.3;65
Blackbea;n;1186;0;44;0;0;25;84;0;0;0;;13;24;15;24;19;18;29;22;13;12.4;124;153.76;1537.6;45;g;164;13;82;95;63;69;58;0;0;0;153;164;719.2;855.6;781.2;161.2;153
Blackbea;n;1187;0;34;0;0;1;76;10;2;0;;14;20;22;19;9;15;19;27;32;12.5;125;156.25;1562.5;44;g;163;14;93;84;61;61;50;0;0;0;123;145;625;762.5;762.5;175;123
Blackbea;n;1191;0;52;17;0;4;35;23;0;0;;11;14;9;11;13;15;14;25;32;11.3;113;127.69;1276.9;35;g;133;11;86;58;34;54;33;0;0;0;131;112;372.9;610.2;384.2;124.3;131
Blackbea;n;1196;0;8;0;0;0;35;0;0;0;;19;27;19;11;10;19;13;17;25;7.8;78;60.84;608.4;38;g;141;19;74;86;57;49;40;0;0;0;43;135;312;382.2;444.6;148.2;43
Blackbea;n;1197;0;25;0;0;0;65;3;5;0;;12;22;12;12;10;15;16;26;21;11.6;116;134.56;1345.6;40;g;134;12;78;68;46;57;34;0;0;0;98;125;394.4;661.2;533.6;139.2;98
Blackbea;n;1201;0;9;0;0;0;28;0;0;0;;10;17;15;11;10;13;12;17;18;10;100;100;1000;43;g;113;10;60;63;43;42;36;0;0;0;37;105;360;420;430;100;37
Blackbea;n;1202;0;0;0;0;0;34;0;0;0;;17;23;20;16;18;19;22;17;20;7;70;49;490;35;g;155;17;78;94;59;58;54;0;0;0;34;152;378;406;413;119;34
Blackbea;n;1207;0;0;0;0;0;10;0;0;0;;10;14;13;12;12;13;11;31;24;5.7;57;32.49;324.9;46;g;130;10;79;61;39;55;37;0;0;0;10;116;210.9;313.5;222.3;57;10
Blackbea;n;1208;0;15;0;0;0;50;0;0;0;;20;25;22;18;20;31;40;43;34;7.7;77;59.29;592.9;43;g;233;20;148;105;65;114;60;0;0;0;65;219;462;877.8;500.5;154;65
Blackbea;n;1209;0;13;0;1;3;18;0;0;0;;10;9;18;12;19;15;17;16;18;8.9;89;79.21;792.1;40;g;124;10;66;68;39;48;49;0;0;0;35;116;436.1;427.2;347.1;89;35
Blackbea;n;1213;0;6;0;15;0;22;2;5;0;;9;11;5;9;8;11;13;17;20;8.5;85;72.25;722.5;41;g;94;9;61;42;25;41;22;0;0;0;50;83;187;348.5;212.5;76.5;50
Blackbea;n;1215;0;9;3;6;0;0;0;0;0;;11;16;13;11;18;15;;;;;;;;;g;73;11;15;69;40;15;42;0;0;0;18;;;;;;18
Blackbea;n;1229;0;19;0;0;0;0;0;0;0;;18;23;20;20;19;21;21;22;23;8.5;85;72.25;722.5;43;g;169;18;87;100;63;64;59;0;0;0;19;164;501.5;544;535.5;153;19
Blackbea;n;1230;2;34;0;0;0;37;0;0;0;;17;22;17;13;13;19;17;28;30;10.7;107;114.49;1144.9;34;g;159;17;94;82;52;64;43;0;0;0;73;146;460.1;684.8;556.4;181.9;73
Blackbea;n;1231;0;0;0;0;0;33;0;0;0;;17;24;19;11;15;25;18;15;29;10.2;102;104.04;1040.4;29;g;156;17;87;86;54;58;45;0;0;0;33;144;459;591.6;550.8;173.4;33
Blackbea;n;1232;0;37;0;0;3;16;5;0;0;;9;13;20;13;9;12;12;14;;10.8;108;116.64;1166.4;41;g;93;9;38;64;46;38;42;0;0;0;61;102;453.6;410.4;496.8;97.2;61
Blackbea;n;1237;0;0;0;0;0;9;0;0;0;;18;22;17;11;15;15;14;23;22;9;90;81;810;46;g;139;18;74;83;50;52;43;0;0;0;9;135;387;468;450;162;9
Blackbea;n;1238;0;51;0;25;0;70;0;0;0;;8;9;11;10;11;16;17;22;23;9.4;94;88.36;883.6;32;g;119;8;78;49;30;55;32;0;0;0;146;104;300.8;517;282;75.2;146
Blackbea;n;1241;0;0;0;0;0;0;0;0;0;;20;21;23;21;24;21;12;23;26;7.6;76;57.76;577.6;43;g;171;20;82;109;65;56;68;0;0;0;0;165;516.8;425.6;494;152;0
Blackbea;n;1242;0;33;0;0;0;11;0;0;0;;17;29;21;23;20;22;22;20;14;10.6;106;112.36;1123.6;42;g;171;17;78;110;73;64;64;0;0;0;44;174;678.4;678.4;773.8;180.2;44
Blackbea;n;1244;0;20;0;0;0;22;0;0;0;;19;28;17;15;23;21;19;17;16;10;100;100;1000;37;g;156;19;73;102;60;57;55;0;0;0;42;159;550;570;600;190;42
Blackbea;n;1246;0;0;0;0;0;0;0;0;0;;18;20;19;17;17;21;20;29;34;8;80;64;640;27;g;177;18;104;91;56;70;53;0;0;0;0;161;424;560;448;144;0
Blackbea;n;1248;0;20;0;0;0;41;0;0;0;;18;28;23;19;11;16;13;20;23;7.4;74;54.76;547.6;38;g;153;18;72;99;70;49;53;0;0;0;61;148;392.2;362.6;518;133.2;61
Blackbea;n;1250;0;5;0;0;0;12;0;0;0;;23;24;22;21;21;20;22;25;31;9.1;91;82.81;828.1;53;g;186;23;98;111;67;67;64;0;0;0;17;178;582.4;609.7;609.7;209.3;17
Blackbea;n;1251;0;16;0;12;0;25;0;0;0;;18;25;27;16;18;17;13;30;25;6.7;67;44.89;448.9;37;g;171;18;85;104;68;60;61;0;0;0;53;164;408.7;402;455.6;120.6;53
Blackbea;n;1252;0;3;0;0;0;24;0;0;0;;18;23;17;13;14;16;12;21;22;9.7;97;94.09;940.9;35;g;138;18;71;85;53;49;44;0;0;0;27;134;426.8;475.3;514.1;174.6;27
Blackbea;n;1253;0;0;0;0;0;0;0;0;0;;17;30;25;21;23;28;21;19;27;6.8;68;46.24;462.4;27;g;194;17;95;116;76;68;69;0;0;0;0;184;469.2;462.4;516.8;115.6;0
Blackbea;n;1254;0;24;0;0;0;50;0;0;0;;13;17;13;6;7;12;15;22;19;8.6;86;73.96;739.6;49;g;111;13;68;56;36;49;26;0;0;0;74;105;223.6;421.4;309.6;111.8;74
Blackbea;n;1255;0;0;0;0;0;36;0;0;0;;13;16;21;22;31;24;26;32;38;9.1;91;82.81;828.1;34;g;210;13;120;103;59;82;74;0;0;0;36;185;673.4;746.2;536.9;118.3;36
Blackbea;n;1258;0;6;0;2;0;20;0;0;0;;10;20;10;9;9;13;13;21;24;6.3;63;39.69;396.9;32;g;119;10;71;58;39;47;28;0;0;0;28;105;176.4;296.1;245.7;63;28
Blackbea;n;1260;0;17;0;2;0;37;0;0;0;;11;19;11;10;9;13;13;15;27;6.7;67;44.89;448.9;44;g;117;11;68;60;40;41;30;0;0;0;56;101;201;274.7;268;73.7;56
Blackbea;n;1263;0;0;0;0;0;0;0;0;0;;17;27;21;22;22;20;21;24;23;;;;;;g;180;17;88;109;70;65;65;0;0;0;0;174;;;;;0
Blackbea;n;1266;0;14;0;0;0;32;0;0;0;;15;21;14;10;11;15;15;20;21;10.9;109;118.81;1188.1;55;g;127;15;71;71;45;50;35;0;0;0;46;121;381.5;545;490.5;163.5;46
Blackbea;n;1273;0;0;0;0;0;0;0;0;0;;23;26;28;25;31;30;33;35;20;9.5;95;90.25;902.5;43;g;228;23;118;133;79;98;84;0;0;0;0;231;798;931;750.5;218.5;0
Blackbea;n;1274;0;9;0;0;0;6;0;0;0;;28;31;25;27;28;25;31;33;30;9.9;99;98.01;980.1;30;g;230;28;119;139;83;89;80;0;0;0;15;228;792;881.1;821.7;277.2;15
Blackbea;n;1277;0;13;0;0;0;13;0;0;0;;17;23;16;18;8;7;10;12;15;6.8;68;46.24;462.4;33;g;109;17;44;82;57;29;42;0;0;0;26;111;285.6;197.2;387.6;115.6;26
Blackbea;n;1279;0;27;0;3;0;16;0;0;0;;13;21;20;21;22;22;21;31;24;9.8;98;96.04;960.4;;g;182;13;98;97;62;74;63;0;0;0;46;171;617.4;725.2;607.6;127.4;46
Blackbea;n;1280;0;8;0;7;0;0;0;0;0;;14;31;25;22;21;21;32;33;27;7.7;77;59.29;592.9;44;g;212;14;113;113;78;86;68;0;0;0;15;199;523.6;662.2;600.6;107.8;15
Blackbea;n;1284;0;29;0;19;0;57;0;0;0;;16;22;12;13;12;30;30;29;31;12.1;121;146.41;1464.1;40;g;179;16;120;75;47;89;37;0;0;0;105;164;447.7;1076.9;568.7;193.6;105
Blackbea;n;1285;0;0;0;0;0;0;0;0;0;;26;29;20;28;20;21;27;40;18;8.2;82;67.24;672.4;28;g;203;26;106;123;77;88;68;0;0;0;0;211;557.6;721.6;631.4;213.2;0
Blackbea;n;1289;0;31;0;23;0;8;0;0;0;;30;31;30;31;29;30;29;35;32;10;100;100;1000;24;g;247;30;126;151;92;94;90;0;0;0;62;245;900;940;920;300;62
Blackbea;n;1294;0;7;0;3;0;14;0;0;0;;10;23;24;19;28;28;31;32;31;9.6;96;92.16;921.6;25;g;216;10;122;104;66;91;71;0;0;0;24;195;681.6;873.6;633.6;96;24
Blackbea;n;1166agai;0;6;0;0;0;19;0;0;0;;24;17;17;13;15;21;21;19;20;9.2;92;84.64;846.4;45;g;143;24;81;86;47;61;45;0;0;0;25;147;414;561.2;432.4;220.8;25
Blackbea;n;1178agai;0;0;0;0;0;38;3;0;0;;17;19;18;9;10;15;21;24;32;8.2;82;67.24;672.4;44;g;148;17;92;73;46;60;37;0;0;0;41;133;303.4;492;377.2;139.4;41
Blackbea;n;1180agai;9;72;4;0;0;53;0;0;0;;11;16;16;18;14;13;22;23;13;11.3;113;127.69;1276.9;41;g;135;11;71;75;50;58;48;0;0;0;138;133;542.4;655.4;565;124.3;138
Blackbea;n;1197agai;0;24;0;0;0;53;0;0;0;;12;22;19;12;12;12;14;27;28;11.6;116;134.56;1345.6;40;g;146;12;81;77;53;53;43;0;0;0;77;130;498.8;614.8;614.8;139.2;77
Blackbea;n;"1212 per";0;118.7;0;0;0;109;0;0;0;;9;11;9;8;8;9;7;7;11;15.7;157;246.49;2464.9;72;g;70;9;34;45;28;23;25;0;0;0;227.7;68;392.5;361.1;439.6;141.3;227.7
Fajita;n;906;3;10;0;0;0;15;0;0;0;;20;23;20;25;13;14;20;18;13;9.1;91;82.81;828.1;35;g;146;20;65;101;68;52;58;0;0;Fajita;28;153;527.8;473.2;618.8;182;28
Fajita;n;907;0;13;0;0;0;32;0;0;0;;10;12;13;11;10;13;13;15;14;8.9;89;79.21;792.1;61;g;101;10;55;56;36;41;34;0;0;Fajita;45;97;302.6;364.9;320.4;89;45
Fajita;n;908;0;16;0;0;0;41;0;0;0;;;;18;10;11;12;22;17;16;8.7;87;75.69;756.9;46;g;106;;67;39;28;51;39;0;0;Fajita;57;;339.3;443.7;243.6;;57
Fajita;n;909;0;45;0;0;0;64;0;0;0;;9;14;14;17;15;11;15;20;19;11;110;121;1210;48;g;125;9;65;69;45;46;46;0;0;Fajita;109;115;506;506;495;99;109
Fajita;n;910;0;0;0;0;0;28;0;0;0;;16;10;7;6;7;10;11;12;12;6.6;66;43.56;435.6;57;g;75;16;45;46;23;33;20;0;0;Fajita;28;79;132;217.8;151.8;105.6;28
Fajita;n;913;0;0;0;0;0;17;0;0;0;;11;14;13;11;11;14;14;15;14;7.1;71;50.41;504.1;56;g;106;11;57;60;38;43;35;0;0;Fajita;17;103;248.5;305.3;269.8;78.1;17
Fajita;n;918;0;26;0;0;0;65;0;0;0;;10;14;14;11;10;17;15;25;19;9;90;81;810;55;g;125;10;76;59;39;57;35;0;0;Fajita;91;116;315;513;351;90;91
Fajita;n;920;0;28;0;0;0;41;0;0;0;;15;26;22;21;22;17;14;23;20;12.4;124;153.76;1537.6;44;g;165;15;74;106;69;54;65;0;0;Fajita;69;160;806;669.6;855.6;186;69
Fajita;n;930;0;21;0;0;0;66;0;0;0;;12;16;14;12;11;14;17;26;27;12.1;121;146.41;1464.1;48;g;137;12;84;65;42;57;37;0;0;Fajita;87;122;447.7;689.7;508.2;145.2;87
Fajita;n;934;0;0;0;0;0;10;0;0;0;;10;13;12;10;10;9;11;16;21;7.5;75;56.25;562.5;43;g;102;10;57;55;35;36;32;0;0;Fajita;10;91;240;270;262.5;75;10
Fajita;n;935;0;26;0;0;0;39;0;0;0;;15;18;14;16;28;15;18;18;11;9;90;81;810;56;g;138;15;62;91;48;51;58;0;0;Fajita;65;142;522;459;432;135;65
Fajita;n;936;0;21;0;0;0;29;0;0;0;;11;17;14;14;11;14;13;25;24;8;80;64;640;36;g;132;11;76;67;45;52;39;0;0;Fajita;50;119;312;416;360;88;50
Fajita;n;937;0;4;0;0;0;23;0;0;0;;16;17;14;10;10;12;11;17;21;10.9;109;118.81;1188.1;57;g;112;16;61;67;41;40;34;0;0;Fajita;27;107;370.6;436;446.9;174.4;27
Fajita;n;941;0;5;0;0;0;25;0;0;0;;16;20;15;13;12;12;13;21;14;9.2;92;84.64;846.4;37;g;120;16;60;76;48;46;40;0;0;Fajita;30;122;368;423.2;441.6;147.2;30
Fajita;n;946;23;0;0;0;0;63;0;0;0;;13;31;22;13;10;16;15;23;27;10.1;101;102.01;1020.1;43;g;157;13;81;89;66;54;45;0;0;Fajita;86;143;454.5;545.4;666.6;131.3;86
Fajita;n;948;0;52;0;0;0;67;0;0;0;;14;21;19;18;11;16;19;31;32;12.1;121;146.41;1464.1;39;g;167;14;98;83;58;66;48;0;0;Fajita;119;149;580.8;798.6;701.8;169.4;119
Fajita;n;960;0;10;0;2;0;10;0;0;0;;13;16;19;12;10;14;21;31;21;7;70;49;490;40;g;144;13;87;70;47;66;41;0;0;Fajita;22;136;287;462;329;91;22
Fajita;n;961;0;0;0;0;0;8;0;0;0;;16;19;18;21;22;20;30;37;;6.8;68;46.24;462.4;43;g;167;16;87;96;58;87;61;0;0;Fajita;8;183;414.8;591.6;394.4;108.8;8
Fajita;n;630;0;34;9;0;0;7;3;1;0;;7;8;12;11;11;12;8;12;;8.6;86;73.96;739.6;41;n;74;7;32;49;31;32;34;0;0;Fajita;54;81;292.4;275.2;266.6;60.2;54
Fajita;n;632;0;34;25;12;7;11;13;2;0;;5;8;5;10;7;9;8;10;11;11.6;116;134.56;1345.6;36;n;68;5;38;35;23;27;22;0;0;Fajita;104;62;255.2;313.2;266.8;58;104
Fajita;n;635;0;4;0;0;0;6;4;0;0;;8;10;8;6;6;15;9;12;13;6.6;66;43.56;435.6;48;n;79;8;49;38;24;36;20;0;0;Fajita;14;74;132;237.6;158.4;52.8;14
Fajita;n;647;0;25;26;11;8;8;15;4;;;6;9;6;9;8;10;10;7;17;10.1;101;102.01;1020.1;40;n;76;6;44;38;24;27;23;0;0;Fajita;97;65;232.3;272.7;242.4;60.6;
Fajita;n;654;0;11;0;22;12;26;10;2;;;10;12;5;13;7;13;16;14;13;9.4;94;88.36;883.6;36;n;93;10;56;47;30;43;25;0;0;Fajita;83;90;235;404.2;282;94;
Fajita;n;665;0;23;13;10;3;;;;;;8;10;15;8;8;7;;;;10.2;102;104.04;1040.4;45;n;48;8;7;49;33;7;31;0;0;Fajita;;;316.2;71.4;336.6;81.6;
Fajita;n;671;0;2;6;11;6;;;;;;8;10;11;9;15;12;13;16;13;6.7;67;44.89;448.9;41;n;99;8;54;53;30;41;35;0;0;Fajita;;94;234.5;274.7;201;53.6;
Fajita;n;675;0;5;0;2;2;0;7;0;0;;7;5;5;7;7;4;12;11;16;6.7;67;44.89;448.9;40;n;67;7;43;31;17;27;19;0;0;Fajita;16;58;127.3;180.9;113.9;46.9;16
Fajita;n;683;0;0;0;1;0;4;0;0;0;;8;8;11;6;6;7;6;6;8;6.8;68;46.24;462.4;41;n;58;8;27;39;25;19;23;0;0;Fajita;5;58;156.4;129.2;170;54.4;5
Fajita;n;684;0;13;0;15;1;18;0;6;0;;10;15;5;6;6;12;8;12;9;8.5;85;72.25;722.5;40;n;73;10;41;42;26;32;17;0;0;Fajita;53;74;144.5;272;221;85;53
Fajita;n;685;0;11;1;0;0;28;0;0;0;;10;12;9;8;8;9;9;10;13;7.8;78;60.84;608.4;60;n;78;10;41;47;29;28;25;0;0;Fajita;40;75;195;218.4;226.2;78;40
Fajita;n;687;0;0;0;0;11;19;2;0;0;;13;15;10;10;8;12;24;25;20;7.9;79;62.41;624.1;44;n;124;13;81;56;35;61;28;0;0;Fajita;32;117;221.2;481.9;276.5;102.7;32
Fajita;n;691;0;35;15;15;4;8;7;25;5;;7;9;11;12;10;9;6;9;7;9.8;98;96.04;960.4;43;n;73;7;31;49;32;24;33;0;0;Fajita;109;73;323.4;235.2;313.6;68.6;114
Fajita;n;696;0;20;0;0;3;11;5;0;0;;7;10;12;13;11;10;11;12;12;6.2;62;38.44;384.4;43;n;91;7;45;53;35;33;36;0;0;Fajita;39;86;223.2;204.6;217;43.4;39
Fajita;n;697;7;16;0;5;4;25;1;;;;21;22;11;12;13;24;20;;;7.2;72;51.84;518.4;47;n;102;21;44;79;45;44;36;0;0;Fajita;;;259.2;316.8;324;151.2;
Fajita;n;699;1;0;0;0;0;33;3;0;0;;7;8;11;3;4;8;8;7;7;6.7;67;44.89;448.9;46;n;56;7;30;33;22;23;18;0;0;Fajita;37;56;120.6;154.1;147.4;46.9;37
Fajita;n;700;0;37;2;12;9;30;11;10;0;;12;16;8;8;7;9;11;13;16;15.4;154;237.16;2371.6;80;n;88;12;49;51;32;33;23;0;0;Fajita;111;84;354.2;508.2;492.8;184.8;111
Fajita;n;704;0;15;5;0;55;107;21;3;20;;12;21;17;28;16;28;21;26;26;9.2;92;84.64;846.4;48;n;183;12;101;94;66;75;61;0;0;Fajita;206;169;561.2;690;607.2;110.4;226
Fajita;n;705;0;47;2;0;0;67;30;10;0;;10;18;19;13;10;13;15;16;14;12.9;129;166.41;1664.1;45;n;118;10;58;70;50;44;42;0;0;Fajita;156;114;541.8;567.6;645;129;156
Fajita;n;708;0;8;12;0;5;17;0;0;0;;4;8;10;10;9;7;6;3;6;6.7;67;44.89;448.9;40;n;59;4;22;41;28;16;29;0;0;Fajita;42;57;194.3;107.2;187.6;26.8;42
Fajita;n;709;0;56;2;5;0;18;5;0;0;;4;9;8;11;10;11;6;8;7;9.6;96;92.16;921.6;38;n;70;4;32;42;28;25;29;0;0;Fajita;86;67;278.4;240;268.8;38.4;86
Fajita;n;710;0;13;0;0;40;41;0;0;0;;7;9;10;8;10;12;14;12;8;8.4;84;70.56;705.6;47;n;83;7;46;44;27;38;28;0;0;Fajita;94;82;235.2;319.2;226.8;58.8;94
Fajita;n;714;0;7;14;0;27;6;0;0;0;;8;12;9;19;7;10.5;17;13;12;8;80;64;640;44;n;99.5;8;52.5;55;40;40.5;35;0;0;Fajita;54;95.5;280;324;320;64;54
Fajita;n;718;0;0;0;0;0;1;0;0;0;;7;12;8;13;12;13;17;18;14;8.7;87;75.69;756.9;40;n;107;7;62;52;33;48;33;0;0;Fajita;1;100;287.1;417.6;287.1;60.9;1
Fajita;n;719;1;2;0;0;0;3;3;5;0;;6;12;8;6;5;9;9;12;14;6.7;67;44.89;448.9;43;n;75;6;44;37;26;30;19;0;0;Fajita;14;67;127.3;201;174.2;40.2;14
Fajita;n;720;1;17;2;0;18;6;0;0;0;;9;14;10;18;11;10;16;9;12;9.2;92;84.64;846.4;44;n;100;9;47;62;42;35;39;0;0;Fajita;44;97;358.8;322;386.4;82.8;44
Fajita;n;723;0;44;6;17;2;39;0;0;0;;5;8;6;8;6;6;12;10;5;9.5;95;90.25;902.5;40;n;61;5;33;33;22;28;20;0;0;Fajita;108;61;190;266;209;47.5;108
Fajita;n;730;0;25.5;0;12.5;5.5;61;5;5;2;;7;6;10;11;11;14;14;14;11;8;80;64;640;45;n;91;7;53;45;27;42;32;0;0;Fajita;114.5;87;256;336;216;56;116.5
Fajita;n;740;0;0;0;0;0;9;5;0;0;;7;11;7;13;10;9;10;11;13;5.5;55;30.25;302.5;39;n;84;7;43;48;31;30;30;0;0;Fajita;14;78;165;165;170.5;38.5;14
Fajita;n;741;1;33;0;0;0;32;7;0;0;;11;21;20;19;18;11;22;16;10;8.5;85;72.25;722.5;34;n;137;11;59;89;60;49;57;0;0;Fajita;73;138;484.5;416.5;510;93.5;73
Fajita;n;744;0;32;0;0;0;15;0;0;;;7;11;10;12;16;13;13;12;;6.1;61;37.21;372.1;38;n;87;7;38;56;33;38;38;0;0;Fajita;47;94;231.8;231.8;201.3;42.7;
Fajita;n;747;0;2;0;0;1;0;0;0;0;;15;19;17;14;15;15;15;12;15;5.7;57;32.49;324.9;43;n;122;15;57;80;50;42;46;0;0;Fajita;3;122;262.2;239.4;285;85.5;3
Fajita;n;750;0;2;0;0;0;0;0;;;;12;16;12;12;8;10;9;;;7.5;75;56.25;562.5;41;n;67;12;19;60;40;19;32;0;0;Fajita;;;240;142.5;300;90;
Fajita;n;751;0;11;0;0;0;2;3;0;0;;12;10;8;9;11;14;10;12;14;5.6;56;31.36;313.6;38;n;88;12;50;50;27;36;28;0;0;Fajita;16;86;156.8;201.6;151.2;67.2;16
Fajita;n;752;0;18;16;0;10;33;10;0;0;;6;8;8;9;9;10;20;12;10;8;80;64;640;42;n;86;6;52;40;25;42;26;0;0;Fajita;87;82;208;336;200;48;87
Fajita;n;754;0;26;6;4;11;12;2;0;0;;5;9;8;11;18;9;12;16;21;6.5;65;42.25;422.5;39;n;104;5;58;51;28;37;37;0;0;Fajita;61;88;240.5;240.5;182;32.5;61
Fajita;n;755;2;16;7;4;8;0;0;11;0;;6;6;7;4;6;7;11;12;11;9.6;96;92.16;921.6;48;n;64;6;41;29;17;30;17;0;0;Fajita;48;59;163.2;288;163.2;57.6;48
Fajita;n;757;0;0;0;0;0;0;0;0;0;;6;13;15;12;16;14;14;;;6.1;61;37.21;372.1;39;n;84;6;28;62;40;28;43;0;0;Fajita;0;;262.3;170.8;244;36.6;0
Fajita;n;766;0;4;0;0;0;7;6;0;0;;11;17;11;10;19;18;12;10;9;7.9;79;62.41;624.1;53;n;106;11;49;68;38;40;40;0;0;Fajita;17;108;316;316;300.2;86.9;17
Fajita;n;769;0;1;1;0;0;2;1;0;0;;12;18;17;13;20;11;14;14;18;5.9;59;34.81;348.1;39;n;125;12;57;80;48;39;50;0;0;Fajita;5;119;295;230.1;283.2;70.8;5
Fajita;n;776;1;41;4;2;0;35;5;0;0;;3;6;8;6;14;12;16;17;11;11;110;121;1210;43;n;90;3;56;37;20;45;28;0;0;Fajita;88;82;308;495;220;33;88
Fajita;n;791;0;20;2;1;0;15;4;0;;;18;18;12;7;10;11;8;11;;10.7;107;114.49;1144.9;44;n;77;18;30;65;37;30;29;0;0;Fajita;42;95;310.3;321;395.9;192.6;
Fajita;n;794;0;19;0;0;0;0;;;;;10;15;11;8;10;10;10;;;6.9;69;47.61;476.1;46;n;64;10;20;54;34;20;29;0;0;Fajita;;;200.1;138;234.6;69;
Fajita;n;797;0;5;0;0;0;6;0;0;0;;14;23;12;15;13;14;16;24;25;8.2;82;67.24;672.4;44;n;142;14;79;77;50;54;40;0;0;Fajita;11;131;328;442.8;410;114.8;11
Fajita;n;806;4;33;0;11;7;68;10;0;0;;15;10;12;13;7;8;21;12;11;12.8;128;163.84;1638.4;39;n;94;15;52;57;35;41;32;0;0;Fajita;133;98;409.6;524.8;448;192;133
Fajita;n;809;0;58;0;8;0;35;0;0;;;14;17;11;12;11;12;12;14;;10.3;103;106.09;1060.9;43;n;89;14;38;65;40;38;34;0;0;Fajita;101;103;350.2;391.4;412;144.2;
Fajita;n;816;14;45;5;4;0;31;22;0;0;;17;23;20;16;24;12;13;11;12;12.8;128;163.84;1638.4;48;n;131;17;48;100;59;36;60;0;0;Fajita;121;136;768;460.8;755.2;217.6;121
Fajita;n;817;0;5;11;3;5;;;;;;16;19;16;14;10;11;;;;11.7;117;136.89;1368.9;43;n;70;16;11;75;49;11;40;0;0;Fajita;;;468;128.7;573.3;187.2;
Fajita;n;827;13;40;0;2;1;99;11;0;0;;23;32;25;25;21;22;17;24;19;12.5;125;156.25;1562.5;44;n;185;23;82;126;82;63;71;0;0;Fajita;166;189;887.5;787.5;1025;287.5;166
Fajita;n;836;5;64;0;0;0;81;21;0;0;;14;22;23;12;13;16;22;28;14;13.7;137;187.69;1876.9;34;n;150;14;80;84;57;66;48;0;0;Fajita;171;150;657.6;904.2;780.9;191.8;171
Fajita;n;841;0;68;0;0;0;46;6;0;0;;14;18;24;11;10;22;13;36;31;;;;;;n;165;14;102;77;53;71;45;0;0;Fajita;120;148;;;;;120
Fajita;n;672a;0;0;0;4;4;13;0;0;0;;3;8;10;6;8;11;10;13;10;;;;;;n;76;3;44;35;24;34;24;0;0;Fajita;21;69;;;;;21
Fajita;n;S1;0;29;0;5;15;11;0;0;0;;12;10;9;6;7;6;7;10;11;;;;;;n;66;12;34;44;25;23;22;0;0;Fajita;60;67;;;;;60
Fajita;n;S2;0;9;0;0;0;12;0;1;0;;13;20;15;14;16;14;7;8;14;;;;;;n;108;13;43;78;49;29;45;0;0;Fajita;22;107;;;;;22
Fajita;n;S3;0;28;0;4;1;7;0;;;;18;24;24;17;20;20;14;;;;;;;;n;119;18;34;103;65;34;61;0;0;Fajita;;;;;;;
Fajita;n;S4;0;48;20;2;0;;;;;"6th node";12;14;14;20;22;21;25;;;;;;;;n;116;12;46;82;48;46;56;0;0;0;;;;;;;
Lookout;w;93;0;0;0;3;0;17;;;;B;10;16;8;6;5;6;8;15;17;6.5;65;42.25;422.5;41;g;81;10;46;45;30;29;19;1;0;0;;74;123.5;188.5;195;65;
Lookout;w;S3;3;7;0;6;47;0;0;0;0;B;10;11;11;10;10;11;13;14;18;11.8;118;139.24;1392.4;46;g;98;10;56;52;32;38;31;1;0;0;63;90;365.8;448.4;377.6;118;63
Lookout;w;37B;0;3;1;0;0;13;3;3;0;B;2;8;11;7;8;8;6;10;12;6.3;63;39.69;396.9;48;g;70;2;36;36;26;24;26;1;0;0;23;60;163.8;151.2;163.8;12.6;23
Lookout;w;51A;0;0;0;0;0;2;2;0;0;B;7;9;9;8;7;9;7;9;7;6.3;63;39.69;396.9;45;g;65;7;32;40;26;25;24;1;0;0;4;65;151.2;157.5;163.8;44.1;4
Lookout;w;C;2;7;8;0;34;0;0;0;0;B;12;14;13;14;11;10;13;11;11;8.2;82;67.24;672.4;30;g;97;12;45;64;41;34;38;1;0;0;51;98;311.6;278.8;336.2;98.4;51
Lookout;w;550a;0;0;0;10;0;0;0;0;0;B;7;10;6;7;8;7;11;15;13;6.2;62;38.44;384.4;34;g;77;7;46;38;23;33;21;1;0;0;10;71;130.2;204.6;142.6;43.4;10
Lookout;w;587a;0;0;0;0;14;0;0;0;0;B;10;12;12;13;9;10;10;9;13;6.7;67;44.89;448.9;27;g;88;10;42;56;37;29;34;1;0;0;14;85;227.8;194.3;247.9;67;14
Lookout;w;126;0;14;0;0;39;25;0;0;0;B;15;15;10;15;11;12;18;16;18;9.8;98;96.04;960.4;50;g;115;15;64;66;40;46;36;1;0;0;78;112;352.8;450.8;392;147;78
Lookout;w;128;5;9;0;12;0;18;3;0;0;B;11;14;9;10;7;10;7;15;9;9.4;94;88.36;883.6;48;g;81;11;41;51;33;32;26;1;0;0;47;83;244.4;300.8;310.2;103.4;47
Lookout;w;130;0;12;2;0;2;9;6;0;0;B;11;13;8;11;10;8;10;12;;6.7;67;44.89;448.9;40;g;72;11;30;53;32;30;29;1;0;0;31;83;194.3;201;214.4;73.7;31
Lookout;w;131;0;10;0;4;26;2;0;0;0;B;12;14;11;12;15;7;12;12;8;6;60;36;360;48;g;91;12;39;64;37;31;38;1;0;0;42;95;228;186;222;72;42
Lookout;w;132;0;3;5;0;12;4;0;0;0;B;12;15;15;9;7;10;10;13;9;4.9;49;24.01;240.1;32;g;88;12;42;58;39;33;31;1;0;0;24;91;151.9;161.7;191.1;58.8;24
Lookout;w;133;0;0;0;17;11;14;0;0;0;B;20;11;11;9;12;14;20;11;14;9.6;96;92.16;921.6;50;g;102;20;59;63;31;45;32;1;0;0;42;108;307.2;432;297.6;192;42
Lookout;w;134;0;10;0;12;33;0;0;0;0;B;9;12;9;10;8;8;8;12;13;7.5;75;56.25;562.5;52;g;80;9;41;48;31;28;27;1;0;0;55;76;202.5;210;232.5;67.5;55
Lookout;w;135;0;0;0;4;4;11;0;0;0;B;10;12;12;10;8;7;11;14;13;8.4;84;70.56;705.6;56;g;87;10;45;52;34;32;30;1;0;0;19;84;252;268.8;285.6;84;19
Lookout;w;138;0;2;0;3;5;;;;;B;18;20;6;8;9;;;;;6.5;65;42.25;422.5;50;g;43;18;;61;34;;23;1;0;0;;;149.5;;221;117;
Lookout;w;141;1;19;0;11;7;16;0;;;B;12;15;9;13;7;8;10;11;14;7.8;78;60.84;608.4;52;g;87;12;43;56;37;29;29;1;0;0;;85;226.2;226.2;288.6;93.6;
Lookout;w;142;0;20;0;12;16;15;0;0;0;B;15;17;14;11;12;13;14;13;10;7.4;74;54.76;547.6;52;g;104;15;50;69;42;40;37;1;0;0;63;109;273.8;296;310.8;111;63
Lookout;w;143;0;17;0;15;95;0;0;0;0;B;12;20;10;14;16;16;32;18;14;9.9;99;98.01;980.1;53;g;140;12;80;72;44;66;40;1;0;0;127;138;396;653.4;435.6;118.8;127
Lookout;w;144;0;0;0;0;9;0;0;0;0;B;11;13;13;14;10;13;12;14;14;7.4;74;54.76;547.6;;g;103;11;53;61;40;39;37;1;0;0;9;100;273.8;288.6;296;81.4;9
Lookout;w;145;3;35;2;0;16;18;0;0;0;B;25;12;18;11;12;18;17;17;19;9.5;95;90.25;902.5;54;g;124;25;71;78;41;52;41;1;0;0;74;130;389.5;494;389.5;237.5;74
Lookout;w;146;4;0;3;12;17;0;0;0;;B;10;12;11;9;6;12;12;17;11;8.2;82;67.24;672.4;51;g;90;10;52;48;32;41;26;1;0;0;36;89;213.2;336.2;262.4;82;
Lookout;w;147;0;45;0;8;29;38;0;0;0;B;11;15;11;15;15;9;17;13;15;13.9;139;193.21;1932.1;50;g;110;11;54;67;41;39;41;1;0;0;120;106;569.9;542.1;569.9;152.9;120
Lookout;w;148;3;21;0;0;18;24;14;5;0;B;10;14;13;10;11;13;6;9;7;6.9;69;47.61;476.1;51;g;83;10;35;58;37;28;34;1;0;0;85;86;234.6;193.2;255.3;69;85
Lookout;w;154;0;16;3;29;15;15;8;0;;B;10;11;11;4;15;4;5;11;;6.5;65;42.25;422.5;39;g;61;10;20;51;26;20;30;1;0;0;86;71;195;130;169;65;
Lookout;w;156;0;0;0;0;4;0;0;;;B;8;7;6;8;12;13;17;16;;6.8;68;46.24;462.4;51;g;79;8;46;41;21;46;26;1;0;0;;87;176.8;312.8;142.8;54.4;
Lookout;w;157;15;0;0;0;12;24;0;0;0;B;11;17;15;13;16;13;20;23;19;9.4;94;88.36;883.6;56;g;136;11;75;72;45;56;44;1;0;0;51;128;413.6;526.4;423;103.4;51
Lookout;w;162;3;5;0;0;7;;;;;B;9;10;17;11;15;10;;;;5.5;55;30.25;302.5;45;g;63;9;10;62;38;10;43;1;0;0;;;236.5;55;209;49.5;
Lookout;w;163;4;17;0;0;7;12;2;5;;B;9;11;12;9;5;12;10;9;;9.7;97;94.09;940.9;49;g;68;9;31;46;32;31;26;1;0;0;47;77;252.2;300.7;310.4;87.3;
Lookout;w;166;0;4;0;4;19;14;0;;;B;6;8;7;7;7;10;8;7;9;9.1;91;82.81;828.1;55;g;63;6;34;35;22;25;21;1;0;0;;60;191.1;227.5;200.2;54.6;
Lookout;w;172;1;12;0;2;0;0;0;0;;B;10;12;9;9;8;9;10;14;16;7.2;72;51.84;518.4;45;g;87;10;49;48;30;33;26;1;0;0;15;81;187.2;237.6;216;72;
Lookout;w;173;0;2;0;7;10;0;0;0;0;B;7;12;12;8;6;11;13;18;20;7.4;74;54.76;547.6;44;g;100;7;62;45;32;42;26;1;0;0;19;87;192.4;310.8;236.8;51.8;19
Lookout;w;172a;8;18;0;0;37;0;0;0;0;B;9;15;15;11;13;15;17;16;20;;;;;;g;122;9;68;63;41;48;39;1;0;0;63;111;;;;;63
Lookout;w;20;0;5;6;0;0;0;0;0;;A;5;8;12;13;16;10;9;10;;4.4;44;19.36;193.6;20;n;78;5;29;54;33;29;41;1;0;0;11;83;180.4;127.6;145.2;22;
Lookout;w;21;2;0;0;0;0;3;13;1;;A;3;4;6;8;6;4;6;4;;3.7;37;13.69;136.9;19;n;38;3;14;27;18;14;20;1;0;0;19;41;74;51.8;66.6;11.1;
Lookout;w;22;0;0;0;15;5;38;8;2;;A;3;4;6;5;5;7;9;12;;4;40;16;160;23;n;48;3;28;23;15;28;16;1;0;0;68;51;64;112;60;12;
Lookout;w;23;0;0;1;0;8;6;5;0;;A;;11;23;14;16;18;20;24;;;;;;;n;126;;62;64;48;62;53;1;0;0;20;;;;;;
Lookout;w;24;0;3;0;0;0;0;0;0;;A;3;7;13;10;11;10;7;14;;4.4;44;19.36;193.6;22;n;72;3;31;44;30;31;34;1;0;0;3;75;149.6;136.4;132;13.2;
Lookout;w;25;9;4;0;18;10;0;0;0;;A;5.2;9.5;12;13;7;5.9;10.5;8.5;;4.8;48;23.04;230.4;23;n;66.4;5.2;24.9;46.7;34.5;24.9;32;1;0;0;41;71.6;153.6;119.52;165.6;24.96;
Lookout;w;26;1;12;5;2;2;18;19;3;;A;4;7;5.5;5;8;9;7;9;;4.9;49;24.01;240.1;27;n;50.5;4;25;29.5;17.5;25;18.5;1;0;0;62;54.5;90.65;122.5;85.75;19.6;
Lookout;w;28;0;18;0;0;0;0;0;0;;A;6;10.3;10.5;13.5;16;13.5;13.5;9.5;;6.3;63;39.69;396.9;;n;86.8;6;36.5;56.3;34.3;36.5;40;1;0;0;18;92.8;252;229.95;216.09;37.8;
Lookout;w;29;0;0;0;0;0;0;0;0;;A;5.2;6.6;6.5;8.3;7.7;8.3;8.6;10.3;;;;;;;n;56.3;5.2;27.2;34.3;21.4;27.2;22.5;1;0;0;0;61.5;;;;;
Lookout;w;30;1;0;0;0;9;0;0;0;;A;4.2;7.3;4.4;4.7;5.4;4.4;10.9;9.5;;3.5;35;12.25;122.5;27;n;46.6;4.2;24.8;26;16.4;24.8;14.5;1;0;0;10;50.8;50.75;86.8;57.4;14.7;
Lookout;w;31;0;0;0;0;0;2;0;0;;A;6.4;11.5;10.5;9;8.2;7.4;8.4;11;;5.1;51;26.01;260.1;28;n;66;6.4;26.8;45.6;31;26.8;27.7;1;0;0;2;72.4;141.27;136.68;158.1;32.64;
Lookout;w;32;0;4;0;0;0;8;0;0;;A;7;9;8.5;10;9.5;11.5;11.2;11;;5.3;53;28.09;280.9;29;n;70.7;7;33.7;44;27.5;33.7;28;1;0;0;12;77.7;148.4;178.61;145.75;37.1;
Lookout;w;33;8;0;0;0;11;7;0;0;;A;7.5;8;7.3;8.4;11.5;12.5;10;10;;7;70;49;490;26;n;67.7;7.5;32.5;42.7;23.7;32.5;27.2;1;0;0;26;75.2;190.4;227.5;165.9;52.5;
Lookout;w;34;0;0;0;18;1;0;0;0;;A;4;4.4;;4;5.5;5.8;8.2;8.7;;4.3;43;18.49;184.9;28;n;36.6;4;22.7;17.9;8.4;22.7;9.5;1;0;0;19;;40.85;97.61;36.12;17.2;
Lookout;w;35;1;2;0;1;0;5;0;0;;A;6.5;8;7.2;6.2;9;8.2;6.4;5.1;;3.8;38;14.44;144.4;23;n;50.1;6.5;19.7;36.9;21.4;19.7;22.4;1;0;0;9;56.6;85.12;74.86;81.32;24.7;
Lookout;w;36;0;0;0;2;0;2;0;0;;A;3.5;4;4.5;5.4;5;4.8;7;8.2;;3.3;33;10.89;108.9;28;n;38.9;3.5;20;22.4;13.9;20;14.9;1;0;0;4;42.4;49.17;66;45.87;11.55;
Lookout;w;38;1;0;0;0;9;0;0;0;;A;12;15;7;6;4;8.2;6;4.5;;5.7;57;32.49;324.9;31;n;50.7;12;18.7;44;28;18.7;17;1;0;0;10;62.7;96.9;106.59;159.6;68.4;
Lookout;w;40;0;4;0;0;32;10;0;0;;A;5.5;8.5;9;8.3;5.5;8.5;7.5;7;;;;;;;n;54.3;5.5;23;36.8;25.8;23;22.8;1;0;0;46;59.8;;;;;
Lookout;w;41;0;4;6;0;8;4;10;0;;A;8;7;7;4;4;5;7;10;;5.3;53;28.09;280.9;;n;44;8;22;30;18;22;15;1;0;0;32;52;79.5;116.6;95.4;42.4;
Lookout;w;42;6;0;0;0;0;3;0;0;;A;12;15;12;14;9;7;9;8;;6.9;69;47.61;476.1;;n;74;12;24;62;41;24;35;1;0;0;9;86;241.5;165.6;282.9;82.8;
Lookout;w;43;21;16;8;2;26;9;0;0;;A;12;15;12;15;10;13;11;12;;7;70;49;490;;n;88;12;36;64;42;36;37;1;0;0;82;100;259;252;294;84;
Lookout;w;45;3;14;10;9;13;3;16;9;;A;7;8;8;10;12;12;13;11;;9.4;94;88.36;883.6;;n;74;7;36;45;26;36;30;1;0;0;77;81;282;338.4;244.4;65.8;
Lookout;w;46;0;6;3;5;15;0;0;0;;A;15;17;24;9;10;11;7;6;;7.5;75;56.25;562.5;;n;84;15;24;75;50;24;43;1;0;0;29;99;322.5;180;375;112.5;
Lookout;w;47;0;12;0;3;9;0;0;0;;A;;14;13;21;14;17;16;15;;6.1;61;37.21;372.1;;n;110;;48;62;48;48;48;1;0;0;24;;292.8;292.8;292.8;;
Lookout;w;48;8;2;0;0;7;17;0;0;;A;15;13;7;8;7;10;12;9;;6.2;62;38.44;384.4;;n;66;15;31;50;28;31;22;1;0;0;34;81;136.4;192.2;173.6;93;
Lookout;w;49;0;3;0;0;0;20;2;0;;A;;;17;12;13;12;12;16;;7.5;75;56.25;562.5;;n;82;;40;42;29;40;42;1;0;0;25;;315;300;217.5;;
Lookout;w;50;0;0;0;3;7;6;0;0;;A;4;6;4;5;7;9;7;8;;3.2;32;10.24;102.4;19;n;46;4;24;26;15;24;16;1;0;0;16;50;51.2;76.8;48;12.8;
Lookout;w;52;0;0;5;3;5;11;4;0;;A;6;7;9;11;9;14;12;14;;6.2;62;38.44;384.4;23;n;76;6;40;42;27;40;29;1;0;0;28;82;179.8;248;167.4;37.2;
Lookout;w;53;3;10;8;5;2;0;0;0;;A;12;9;14;8;18;10;10;17;;6.8;68;46.24;462.4;32;n;86;12;37;61;31;37;40;1;0;0;28;98;272;251.6;210.8;81.6;
Lookout;w;54;14;14;10;0;0;0;16;4;;A;6;6;10;9;18;13;12;13;;8.1;81;65.61;656.1;30;n;81;6;38;49;25;38;37;1;0;0;58;87;299.7;307.8;202.5;48.6;
Lookout;w;55;11;17;23;3;4;1;18;18;;A;3;6;9;9;8;5;5;5;;6.3;63;39.69;396.9;23;n;47;3;15;35;24;15;26;1;0;0;95;50;163.8;94.5;151.2;18.9;
Lookout;w;56;0;0;1;6;0;7;0;0;;A;10;6;8;9;7;5;13;16;;5;50;25;250;24;n;64;10;34;40;23;34;24;1;0;0;14;74;120;170;115;50;
Lookout;w;57;3;6;12;16;19;11;1;10;;A;14;5;3;6;7;6;10;7;;6;60;36;360;;n;44;14;23;35;14;23;16;1;0;0;78;58;96;138;84;84;
Lookout;w;58;0;0;1;0;0;0;0;0;;A;3;6;12;13;13;15;12;10;;3.9;39;15.21;152.1;33;n;81;3;37;47;31;37;38;1;0;0;1;84;148.2;144.3;120.9;11.7;
Lookout;w;59;4;13;17;7;6;8;6;0;;A;8;6;10;8;13;6;10;11;;6.6;66;43.56;435.6;28;n;64;8;27;45;24;27;31;1;0;0;61;72;204.6;178.2;158.4;52.8;
Lookout;w;60;0;2;0;0;2;1;5;0;;A;;;8;8;11;12;15;15;;;;;;;n;69;;42;27;16;42;27;1;0;0;10;;;;;;
Lookout;w;61;1;8;0;8;0;7;3;0;;A;3;6;8;10;10;10;8;8;;7.8;78;60.84;608.4;30;n;60;3;26;37;24;26;28;1;0;0;27;63;218.4;202.8;187.2;23.4;
Lookout;w;63;1;20;4;5;15;12;5;0;;A;3;5;4;6;8;5;6;7;;8.6;86;73.96;739.6;33;n;41;3;18;26;15;18;18;1;0;0;62;44;154.8;154.8;129;25.8;
Lookout;w;64;0;0;0;7;2;0;7;0;;A;6;4;6;8;10;6;13;8;;6.7;67;44.89;448.9;37;n;55;6;27;34;18;27;24;1;0;0;16;61;160.8;180.9;120.6;40.2;
Lookout;w;65;2;1;0;0;11;3;7;4;;A;6;5;8;5;7;8;20;11;;7.6;76;57.76;577.6;29;n;64;6;39;31;18;39;20;1;0;0;28;70;152;296.4;136.8;45.6;
Lookout;w;67;3;1;0;0;0;0;0;0;;A;8;14;6;10;7;8;10;10;;7.9;79;62.41;624.1;31;n;65;8;28;45;30;28;23;1;0;0;4;73;181.7;221.2;237;63.2;
Lookout;w;68;5;1;0;0;0;0;0;0;;A;8;10;8;7;6;5;10;12;;7.3;73;53.29;532.9;30;n;58;8;27;39;25;27;21;1;0;0;6;66;153.3;197.1;182.5;58.4;
Lookout;w;69;7;0;0;0;7;4;0;0;;A;7;6;12;14;9;16;14;15;;16.7;167;278.89;2788.9;34;n;86;7;45;48;32;45;35;1;0;0;18;93;584.5;751.5;534.4;116.9;
Lookout;w;70;0;3;0;0;0;0;0;0;;A;12.2;14.6;10.8;14.7;17.4;10.7;7.2;17.8;;7.3;73;53.29;532.9;34;n;93.2;12.2;35.7;69.7;40.1;35.7;42.9;1;0;0;3;105.4;313.17;260.61;292.73;89.06;
Lookout;w;71;7;5;2;15;4;21;6;4;;A;13;14;11;10;13;10;14;16;;11.2;112;125.44;1254.4;34;n;88;13;40;61;35;40;34;1;0;0;64;101;380.8;448;392;145.6;
Lookout;w;72;1;1;0;0;0;0;0;0;;A;4;8;7;9;8;;;;;6;60;36;360;38;n;32;4;;36;24;;24;1;0;0;2;;144;;144;24;
Lookout;w;73;0;1;4;4;5;8;3;2;;A;5;3;6;3;6;7;6;7;;7;70;49;490;30;n;38;5;20;23;12;20;15;1;0;0;27;43;105;140;84;35;
Lookout;w;83;0;19;3;19;8;33;27;15;7;A;9.4;7.9;9.9;10.2;9.3;12.4;14;16.5;12.1;12.8;128;163.84;1638.4;41;n;92.3;9.4;55;46.7;28;42.9;29.4;1;0;0;124;89.6;376.32;549.12;358.4;120.32;131
Lookout;w;84;7;19;0;3;6;24;19;0;;A;10.6;16.7;11.7;9.7;12.2;15.4;16;9.9;;6;60;36;360;;n;91.6;10.6;41.3;60.9;38.1;41.3;33.6;1;0;0;78;102.2;201.6;247.8;228.6;63.6;
Lookout;w;85;0;0;0;3;4;5;0;0;;A;9;10.7;7.9;7.3;7.9;8.4;7.7;14;;9.7;97;94.09;940.9;39;n;63.9;9;30.1;42.8;25.9;30.1;23.1;1;0;0;12;72.9;224.07;291.97;251.23;87.3;
Lookout;w;86;2;0;4;0;16;0;0;0;;A;8.8;14.5;9.2;9.2;7.4;9.2;10.5;12.4;;6.8;68;46.24;462.4;;n;72.4;8.8;32.1;49.1;32.9;32.1;25.8;1;0;0;22;81.2;175.44;218.28;223.72;59.84;
Lookout;w;89;3;1;0;0;0;5;24;6;;A;14;5;13;8;6;6;10;15;;;;;;;n;63;14;31;46;26;31;27;1;0;0;39;77;;;;;
Lookout;w;90;2;8;6;17;11;37;28;0;;A;8;7;5;6;4;6;8;11;;12.2;122;148.84;1488.4;39;n;47;8;25;30;18;25;15;1;0;0;109;55;183;305;219.6;97.6;
Lookout;w;91;0;4;5;6;3;0;4;0;;A;6;4;8;5;9;9;12;6;;10.7;107;114.49;1144.9;40;n;53;6;27;32;17;27;22;1;0;0;22;59;235.4;288.9;181.9;64.2;
Lookout;w;92;0;3;1;2;2;8;5;0;;A;7;12;8;5;6;6;10;;;7;70;49;490;34;n;47;7;16;38;25;16;19;1;0;0;21;;133;112;175;49;
Lookout;w;93;0;0;0;3;7;5;0;0;;A;8;12;6;5;6;8;7;10;;6.5;65;42.25;422.5;41;n;54;8;25;37;23;25;17;1;0;0;15;62;110.5;162.5;149.5;52;
Lookout;w;94;0;2;0;0;0;9;4;0;;A;10.6;13;13;8.7;7.5;9;6;11.5;;9.2;92;84.64;846.4;45;n;68.7;10.6;26.5;52.8;34.7;26.5;29.2;1;0;0;15;79.3;268.64;243.8;319.24;97.52;
Lookout;w;95;9;16;19;5;13;9;6;0;;"too high";;;;;;;;;;14.7;147;216.09;2160.9;49;n;;;;;;;0;1;0;0;77;;0;;;;
Lookout;w;97;0;6;8;9;40;20;0;0;;A;8.4;12.2;9.3;9.1;9;4.5;12.4;10;;10.7;107;114.49;1144.9;40;n;66.5;8.4;26.9;48;30.6;26.9;27.4;1;0;0;83;74.9;293.18;287.83;327.42;89.88;
Lookout;w;98;6;17;6;0;25;2;6;0;;A;8.6;14.3;9.3;12;19;15.2;13.4;10.5;;7.7;77;59.29;592.9;36;n;93.7;8.6;39.1;63.2;35.6;39.1;40.3;1;0;0;62;102.3;310.31;301.07;274.12;66.22;
Lookout;w;99;3;17;5;12;4;7;25;0;;A;10.4;12.4;7.5;8.5;7.2;6.5;7.8;9;7;7;70;49;490;34;n;65.9;10.4;30.3;46;28.4;23.3;23.2;1;0;0;73;69.3;162.4;163.1;198.8;72.8;
Lookout;w;1166agai;0;3;15;0;0;0;0;0;;A;13;15;15;16;13;15;17;18;;7.7;77;59.29;592.9;46;n;109;13;50;72;46;50;44;1;0;0;18;122;338.8;385;354.2;100.1;
Lookout;w;1178agai;1;1;8;0;10;0;0;0;;A;12;7;14;13;12;8;8;10;11;7.5;75;56.25;562.5;48;n;83;12;37;58;34;26;39;1;0;0;20;84;292.5;195;255;90;
Lookout;w;1197agai;0;8;0;17;19;21;0;0;;A;10;13;11;12;11;9;7;7;7;8.1;81;65.61;656.1;44;n;77;10;30;57;36;23;34;1;0;0;65;80;275.4;186.3;291.6;81;
Lookout;w;37B;0;1;0;0;0;0;0;0;;A;9;11;7;5;6;7;9;8;6;6.3;63;39.69;396.9;48;n;59;9;30;38;23;24;18;1;0;0;1;62;113.4;151.2;144.9;56.7;
Lookout;w;51B;2;0;0;2;3;0;0;0;;A;7;6;5;7;6;6;;;;6.1;61;37.21;372.1;39;n;30;7;6;31;18;6;18;1;0;0;7;;109.8;36.6;109.8;42.7;
Lookout;w;C;8;11;2;1;9;11;3;6;;A;6;10;8;6;8;6;8;7;11;8.2;82;67.24;672.4;30;n;64;6;32;38;24;21;22;1;0;0;51;59;180.4;172.2;196.8;49.2;
Lookout;w;126;1;17;5;5;25;11;8;0;;A;16;18;13;12;10;14;16;18;12;9.8;98;96.04;960.4;50;n;113;16;60;69;43;48;35;1;0;0;72;117;343;470.4;421.4;156.8;
Lookout;w;37A;4;0;0;0;2;3;0;0;;A;15;3;15;12;18;17;10;10;;;;;;;n;85;15;37;63;30;37;45;1;0;0;9;100;;;;;
Lookout;w;37B;5;0;0;0;3;6;0;0;;A;14;16;14;14;10;12;16;6;;;;;;;n;88;14;34;68;44;34;38;1;0;0;14;102;;;;;
Lookout;w;51A;0;3;0;0;0;0;0;0;;A;;13;10;8;12;13;22;12;;;;;;;n;90;;47;43;31;47;30;1;0;0;3;;;;;;
Lookout;w;51B;0;0;2;6;5;0;0;0;;A;6;6;12;10;9;12;19;14;;;;;;;n;82;6;45;43;28;45;31;1;0;0;13;88;;;;;
Shrewys;w;388;1;4;2;0;0;0;0;0;0;B;8;12;10;11;18;11;17;;;5.8;58;33.64;336.4;54;g;79;8;28;59;33;28;39;0;1;0;7;;226.2;162.4;191.4;46.4;7
Shrewys;w;399;0;6;0;14;3;0;0;0;0;B;7;12;6;10;16;15;14;24;17;7.2;72;51.84;518.4;;g;114;7;70;51;28;53;32;0;1;0;23;104;230.4;381.6;201.6;50.4;23
Shrewys;w;405;0;0;4;0;0;0;0;3;0;B;15;13;16;16;12;11;;;;;;;;;g;68;15;11;72;45;11;44;0;1;0;7;;;;;;7
Shrewys;w;408;0;7;0;0;0;0;0;0;0;B;12;15;13;13;14;11;;;;5.6;56;31.36;313.6;39;g;66;12;11;67;41;11;40;0;1;0;7;;224;61.6;229.6;67.2;7
Shrewys;w;420;0;8;0;1;0;0;0;0;0;B;10;18;14;16;;;;;;6.9;69;47.61;476.1;40;g;48;10;;58;48;;30;0;1;0;9;;207;;331.2;69;9
Shrewys;w;424;3;7;9;0;0;4;0;0;0;B;8;15;15;17;15;14;18;19;23;11.3;113;127.69;1276.9;33;g;136;8;74;70;47;51;47;0;1;0;23;121;531.1;576.3;531.1;90.4;23
Shrewys;w;456;4;20;0;0;0;3;4;24;0;B;6;14;15;18;12;11;16;22;;9.6;96;92.16;921.6;39;g;108;6;49;65;47;49;45;0;1;0;55;114;432;470.4;451.2;57.6;55
Shrewys;w;C;0;6;0;0;0;5;4;0;0;B;12;11;17;11;22;13;;;;;;;;;g;74;12;13;73;39;13;50;0;1;0;15;;;;;;15
Shrewys;w;485;10;12;0;0;10;8;8;0;0;B;7;7;10;7;9;6;8;4;4;6.8;68;46.24;462.4;27;n;55;7;22;40;24;18;26;0;1;0;48;58;176.8;122.4;163.2;47.6;48
Shrewys;w;487;3;3;0;0;0;0;4;3;0;B;10;11;8;6;6;8;10;8;;6.9;69;47.61;476.1;27;n;57;10;26;41;25;26;20;0;1;0;13;67;138;179.4;172.5;69;13
Shrewys;w;492;0;0;0;0;0;2;0;0;0;B;15;21;19;20;23;24;16;30;33;6.6;66;43.56;435.6;22;n;186;15;103;98;60;70;62;0;1;0;2;168;409.2;462;396;99;2
Shrewys;w;502;8;0;0;0;1;0;0;0;0;B;12;13;8;5;7;11;18;30;19;4.8;48;23.04;230.4;17;n;111;12;78;45;26;59;20;0;1;0;9;104;96;283.2;124.8;57.6;9
Shrewys;w;504;0;0;1;0;2;0;0;0;0;B;7;12;10;15;8;14;14;19;16;4.4;44;19.36;193.6;18;n;108;7;63;52;37;47;33;0;1;0;3;99;145.2;206.8;162.8;30.8;3
Shrewys;w;511;0;0;0;0;0;3;0;1;0;B;10;16;10;9;8;8;11;18;20;4.8;48;23.04;230.4;22;n;100;10;57;53;35;37;27;0;1;0;4;90;129.6;177.6;168;48;4
Shrewys;w;513;0;5;0;2;0;9;0;0;0;B;12;20;17;18;21;28;22;28;41;8.5;85;72.25;722.5;27;n;195;12;119;88;55;78;56;0;1;0;16;166;476;663;467.5;102;16
Shrewys;w;522;0;1;0;0;0;0;0;0;0;B;19;20;17;16;20;22;20;;;7;70;49;490;25;n;115;19;42;92;53;42;53;0;1;0;1;;371;294;371;133;1
Shrewys;w;526;11;21;19;5;9;20;3;0;0;B;12;17;13;12;12;15;20;;;8.7;87;75.69;756.9;25;n;89;12;35;66;42;35;37;0;1;0;88;;321.9;304.5;365.4;104.4;88
Shrewys;w;531;0;5;0;0;3;0;0;0;0;B;15;24;15;11;14;16;12;18;17;6.6;66;43.56;435.6;22;n;127;15;63;79;50;46;40;0;1;0;8;125;264;303.6;330;99;8
Shrewys;w;535;0;15;0;0;2;8;2;0;0;B;13;15;15;15;14;14;14;18;;8.6;86;73.96;739.6;29;n;105;13;46;72;45;46;44;0;1;0;27;118;378.4;395.6;387;111.8;27
Shrewys;w;537;0;6;0;0;0;7;3;0;0;B;6;6;8;6;5;5;9;18;14;5.3;53;28.09;280.9;26;n;71;6;46;31;20;32;19;0;1;0;16;63;100.7;169.6;106;31.8;16
Shrewys;w;538;5;23;29;30;39;41;12;5;0;B;7;13;17;21;19;15;15;25;;10.4;104;108.16;1081.6;31;n;125;7;55;77;51;55;57;0;1;0;184;132;592.8;572;530.4;72.8;184
Shrewys;w;542;0;5;0;0;0;5;4;0;0;B;12;13;12;11;12;15;14;24;27;6.4;64;40.96;409.6;25;n;128;12;80;60;36;53;35;0;1;0;14;113;224;339.2;230.4;76.8;14
Shrewys;w;543;0;1;1;7;11;2;0;0;0;B;10;13;9;10;10;11;9;13;18;5.4;54;29.16;291.6;24;n;93;10;51;52;32;33;29;0;1;0;22;85;156.6;178.2;172.8;54;22
Shrewys;w;545;1;24;0;0;0;0;0;0;0;B;10;14;13;13;15;;;;;8.2;82;67.24;672.4;26;n;55;10;;65;40;;41;0;1;0;25;;336.2;;328;82;25
Shrewys;w;547;2;19;0;0;30;1;0;0;0;B;7;12;12;8;12;9;11;14;;5.5;55;30.25;302.5;29;n;78;7;34;51;32;34;32;0;1;0;52;85;176;187;176;38.5;52
Shrewys;w;549;1;1;0;0;0;0;0;0;0;B;7;6;10;12;11;8;9;12;7;6.2;62;38.44;384.4;31;n;75;7;36;46;28;29;33;0;1;0;2;75;204.6;179.8;173.6;43.4;2
Shrewys;w;551;12;15;18;14;27;24;24;0;0;B;6;10;12;15;13;16;18;17;16;14.7;147;216.09;2160.9;43;n;117;6;67;56;37;51;40;0;1;0;134;107;588;749.7;543.9;88.2;134
Shrewys;w;552;1;23;10;8;7;30;2;0;0;B;5;8;6;5;5;8;12;14;;10.5;105;110.25;1102.5;30;n;58;5;34;29;19;34;16;0;1;0;81;63;168;357;199.5;52.5;81
Shrewys;w;555;0;18;14;18;14;8;12;1;0;B;10;10;9;10;10;12;7;7;12;14.4;144;207.36;2073.6;55;n;77;10;38;49;29;26;29;0;1;0;85;75;417.6;374.4;417.6;144;85
Shrewys;w;556;1;2;0;0;0;0;0;0;0;B;15;20;20;50;20;25;25;16;25;5.8;58;33.64;336.4;23;n;201;15;91;125;90;66;90;0;1;0;3;191;522;382.8;522;87;3
Shrewys;w;558;3;5;0;3;19;6;0;0;;A;7;8;6;8;4;8;;;;4.5;45;20.25;202.5;27;n;34;7;8;33;22;8;18;0;1;0;36;;81;36;99;31.5;
Shrewys;w;560;7;17;8;12;12;0;0;0;0;B;15;18;15;12;7;10;;;;6.1;61;37.21;372.1;26;n;62;15;10;67;45;10;34;0;1;0;56;;207.4;61;274.5;91.5;56
Shrewys;w;561;3;14;0;0;0;0;0;0;0;B;10;13;12;10;17;18;15;;;6.2;62;38.44;384.4;27;n;85;10;33;62;35;33;39;0;1;0;17;;241.8;204.6;217;62;17
Shrewys;w;565;0;4;0;0;2;2;0;0;0;B;11;13;13;12;12;14;14;16;16;6.2;62;38.44;384.4;25;n;110;11;60;61;38;44;37;0;1;0;8;105;229.4;272.8;235.6;68.2;8
Shrewys;w;566;4;4;0;0;0;2;0;0;0;B;15;22;23;10;14;14;17;18;;7.2;72;51.84;518.4;25;n;118;15;49;84;55;49;47;0;1;0;10;133;338.4;352.8;396;108;10
Shrewys;w;567;0;0;0;0;2;4;0;0;0;B;3;7;9;6;10;7;9;6;;6;60;36;360;30;n;54;3;22;35;22;22;25;0;1;0;6;57;150;132;132;18;6
Shrewys;w;573;6;12;4;2;3;24;11;7;0;B;6;9;8;10;9;11;13;15;13;10.6;106;112.36;1123.6;36;n;88;6;52;42;27;39;27;0;1;0;69;81;286.2;413.4;286.2;63.6;69
Shrewys;w;576;4;8;3;16;21;6;0;0;0;B;7;9;8;7;8;10;23;23;;8.7;87;75.69;756.9;28;n;88;7;56;39;24;56;23;0;1;0;58;95;200.1;487.2;208.8;60.9;58
Shrewys;w;579;0;1;0;0;0;0;0;0;0;B;11;17;12;12;16;18;14;26;24;7.5;75;56.25;562.5;26;n;139;11;82;68;41;58;40;0;1;0;1;126;300;435;307.5;82.5;1
Shrewys;w;581;0;0;0;7;0;15;0;0;0;B;4;10;8;6;7;4;6;5;;7.3;73;53.29;532.9;24;n;46;4;15;35;24;15;21;0;1;0;22;50;153.3;109.5;175.2;29.2;22
Shrewys;w;590;0;7;2;0;7;4;0;0;;A;12;15;14;10;15;15;13;;;5;50;25;250;26;n;82;12;28;66;39;28;39;0;1;0;20;;195;140;195;60;
Shrewys;w;593;0;3;0;0;0;0;0;0;0;B;6;7;10;8;6;6;5;8;10;5.2;52;27.04;270.4;25;n;60;6;29;37;25;19;24;0;1;0;3;56;124.8;98.8;130;31.2;3
Shrewys;w;595;0;1;0;0;5;5;0;0;0;B;14;18;16;15;16;18;22;24;24;6.9;69;47.61;476.1;27;n;153;14;88;79;49;64;47;0;1;0;11;143;324.3;441.6;338.1;96.6;11
Shrewys;w;600;0;4;15;0;0;3;0;0;0;B;6;15;10;5;7;12;8;;;6.6;66;43.56;435.6;32;n;57;6;20;43;30;20;22;0;1;0;22;;145.2;132;198;39.6;22
Shrewys;w;602;0;0;0;0;0;2;0;0;0;B;4;7;6;6;10;11;12;15;10;6.7;67;44.89;448.9;28;n;77;4;48;33;19;38;22;0;1;0;2;71;147.4;254.6;127.3;26.8;2
Shrewys;w;606;0;2;0;0;9;0;0;0;;A;12;14;10;15;21;13;13;14;15;11.4;114;129.96;1299.6;50;n;115;12;55;72;39;40;46;0;1;0;11;112;524.4;456;444.6;136.8;
Shrewys;w;609;0;2;0;2;8;1;0;0;;A;11;6;8;5;5;8;8;;;3.3;33;10.89;108.9;25;n;40;11;16;35;19;16;18;0;1;0;13;;59.4;52.8;62.7;36.3;
Shrewys;w;611;0;0;8;1;0;0;28;0;0;B;9;6;8;10;10;8;10;11;16;5.2;52;27.04;270.4;27;n;79;9;45;43;24;29;28;0;1;0;37;72;145.6;150.8;124.8;46.8;37
Shrewys;w;612;3;4;1;0;0;0;0;0;0;B;9;15;6;7;10;15;7;6;10;6.9;69;47.61;476.1;32;n;76;9;38;47;28;28;23;0;1;0;8;75;158.7;193.2;193.2;62.1;8
Shrewys;w;613;0;5;0;0;4;3;3;0;0;B;12;20;11;7;8;12;15;5;6;7.5;75;56.25;562.5;32;n;84;12;38;58;38;32;26;0;1;0;15;90;195;240;285;90;15
Shrewys;w;614;11;17;15;10;0;8;0;0;0;B;11;14;12;14;18;14;18;26;12;9;90;81;810;27;n;128;11;70;69;40;58;44;0;1;0;61;127;396;522;360;99;61
Shrewys;w;619;1;1;0;0;4;0;0;0;0;B;12;14;10;10;9;9;14;16;20;5.9;59;34.81;348.1;30;n;102;12;59;55;34;39;29;0;1;0;6;94;171.1;230.1;200.6;70.8;6
Shrewys;w;620;0;0;3;9;7;0;0;0;;A;5;12;6;6;7;;;;;4.6;46;21.16;211.6;31;n;31;5;;36;24;;19;0;1;0;19;;87.4;;110.4;23;
Shrewys;w;621;0;5;2;4;3;1;3;0;0;B;9;10;9;14;10;12;7;15;14;6.5;65;42.25;422.5;26;n;91;9;48;52;33;34;33;0;1;0;18;86;214.5;221;214.5;58.5;18
Shrewys;w;622;0;7;2;0;0;0;0;0;0;B;5;7;10;9;7;12;11;10;9;6.6;66;43.56;435.6;27;n;75;5;42;38;26;33;26;0;1;0;9;71;171.6;217.8;171.6;33;9
Shrewys;w;624;5;12;9;9;23;32;14;5;0;B;9;13;6;9;13;15;16;15;12;9.8;98;96.04;960.4;32;n;99;9;58;50;28;46;28;0;1;0;109;96;274.4;450.8;274.4;88.2;109
Shrewys;w;625;0;0;4;0;5;4;0;0;;A;4;5;4;6;10;6;9;10;;5;50;25;250;26;n;50;4;25;29;15;25;20;0;1;0;13;54;100;125;75;20;
Shrewys;w;626;2;1;0;4;2;0;0;0;0;B;7;10;11;8;22;18;20;;;;;;;;n;89;7;38;58;29;38;41;0;1;0;9;;;;;;9
Shrewys;w;627;0;0;6;16;21;9;2;0;0;B;10;9;10;8;7;11;12;16;18;4.7;47;22.09;220.9;24;n;91;10;57;44;27;39;25;0;1;0;54;83;117.5;183.3;126.9;47;54
Shrewys;w;628;0;0;0;0;4;0;0;0;0;B;5;11;10;7;8;10;14;16;7;4.2;42;17.64;176.4;22;n;83;5;47;41;28;40;25;0;1;0;4;81;105;168;117.6;21;4
Shrewys;w;629;0;7;4;0;0;0;0;0;0;B;4;4;8;8;10;12;10;10;;4.8;48;23.04;230.4;22;n;62;4;32;34;20;32;26;0;1;0;11;66;124.8;153.6;96;19.2;11
Shrewys;w;550a;0;1;0;0;0;0;0;0;0;B;9;10;16;15;12;14;15;;;;;;;;n;82;9;29;62;41;29;43;0;1;0;1;;;;;;1
Shrewys;w;550b;4;2;0;0;0;0;0;0;0;B;10;12;13;11;15;10;14;;;;;;;;n;75;10;24;61;36;24;39;0;1;0;6;;;;;;6
Shrewys;w;587a;1;3;0;0;10;7;0;0;0;B;21;23;17;14;13;14;12;12;17;;;;;;n;122;21;55;88;54;38;44;0;1;0;21;126;;;;;21
Shrewys;w;587b;0;2;2;1;1;0;0;0;0;B;15;12;13;17;14;11;10;9;12;;;;;;n;98;15;42;71;42;30;44;0;1;0;6;101;;;;;6
Wills;w;327;0;10;0;0;0;20;0;0;0;;12;13;11;10;11;12;10;10;13;6.7;67;44.89;448.9;30;g;90;12;45;57;34;32;32;0;0;1;30;89;214.4;214.4;227.8;80.4;30
Wills;w;328;0;0;0;0;0;0;0;0;0;"no cones";11;12;9;10;14;13;10;17;15;6.5;65;42.25;422.5;31;g;100;11;55;56;31;40;33;0;0;1;0;96;214.5;260;201.5;71.5;0
Wills;w;329;0;0;0;0;0;0;0;0;0;"no cones";12;16;12;15;13;9;12;13;10;6.7;67;44.89;448.9;28;g;100;12;44;68;43;34;40;0;0;1;0;102;268;227.8;288.1;80.4;0
Wills;w;330;0;0;0;0;0;3;0;0;0;;4;6;6;5;7;7;6;8;7;5.9;59;34.81;348.1;33;g;52;4;28;28;17;21;18;0;0;1;3;49;106.2;123.9;100.3;23.6;3
Wills;w;333;0;0;0;0;0;0;0;0;0;"no cones";15;16;13;11;13;12;12;16;17;5.4;54;29.16;291.6;31;g;110;15;57;68;40;40;37;0;0;1;0;108;199.8;216;216;81;0
Wills;w;336;0;5;0;4;0;7;0;0;0;;13;18;15;13;13;14;16;21;17;6.9;69;47.61;476.1;29;g;127;13;68;72;46;51;41;0;0;1;16;123;282.9;351.9;317.4;89.7;16
Wills;w;337;0;17;0;0;0;5;0;0;0;;11;19;19;18;15;14;14;20;22;6.5;65;42.25;422.5;28;g;141;11;70;82;56;48;52;0;0;1;22;130;338;312;364;71.5;22
Wills;w;339;2;0;0;0;0;4;3;0;0;;9;10;9;11;10;9;10;10;11;6;60;36;360;33;g;80;9;40;49;30;29;30;0;0;1;9;78;180;174;180;54;9
Wills;w;341;0;3;10;10;8;0;6;11;8;;16;15;10;17;13;18;16;26;20;12;120;144;1440;41;g;135;16;80;71;42;60;40;0;0;1;48;131;480;720;504;192;56
Wills;w;346;0;0;0;0;0;17;0;0;0;;12;13;11;11;11;13;15;16;16;7.5;75;56.25;562.5;32;g;106;12;60;58;35;44;33;0;0;1;17;102;247.5;330;262.5;90;17
Wills;w;347;0;21;0;0;0;43;0;0;0;;10;13;12;16;14;14;18;17;34;6.4;64;40.96;409.6;30;g;138;10;83;65;41;49;42;0;0;1;64;114;268.8;313.6;262.4;64;64
Wills;w;354;4;0;0;9;0;22;3;0;0;;11;12;8;6;7;13;15;19;11;7.3;73;53.29;532.9;28;g;91;11;58;44;26;47;21;0;0;1;38;91;153.3;343.1;189.8;80.3;38
Wills;w;354;12;19;0;0;0;21;7;0;0;;10;18;23;8;7;13;14;17;7;7.3;73;53.29;532.9;28;g;107;10;51;66;49;44;38;0;0;1;59;110;277.4;321.2;357.7;73;59
Wills;w;356;9;0;0;0;0;28;0;0;0;;13;17;11;12;7;11;17;23;23;6.4;64;40.96;409.6;;g;121;13;74;60;40;51;30;0;0;1;37;111;192;326.4;256;83.2;37
Wills;w;360;6;5;0;0;11;0;0;0;0;;9;10;10;9;9;11;12;15;;7;70;49;490;36;g;76;9;38;47;29;38;28;0;0;1;22;85;196;266;203;63;22
Wills;w;362;9;8;0;0;3;21;0;0;0;;9;15;11;14;10;15;13;11;11;5.9;59;34.81;348.1;32;g;100;9;50;59;40;39;35;0;0;1;41;98;206.5;230.1;236;53.1;41
Wills;w;364;0;1;0;0;0;0;0;0;0;;14;12;18;11;13;16;15;;;9.1;91;82.81;828.1;36;g;85;14;31;68;41;31;42;0;0;1;1;;382.2;282.1;373.1;127.4;1
Wills;w;330a;0;4;0;0;0;5;0;0;0;;9;13;13;6;6;6;8;10;11;;;;;;g;73;9;35;47;32;24;25;0;0;1;9;71;;;;;9
Wills;w;317;0;2;0;0;0;4;0;;;;7;10;8;8;5;12;20;;;5.7;57;32.49;324.9;;n;63;7;32;38;26;32;21;0;0;1;;;119.7;182.4;148.2;39.9;
Wills;w;326;3;1;;;;;;;;;13;20;;;;;;;;5.8;58;33.64;336.4;27;n;20;13;;33;20;;0;0;0;1;;;0;;116;75.4;
Wills;w;327;0;5;4;0;0;4;7;2;0;;9;10;10;8;12;10;7;12;8;6.7;67;44.89;448.9;30;n;77;9;37;49;28;29;30;0;0;1;22;78;201;194.3;187.6;60.3;22
Wills;w;331;5;0;3;2;0;1;4;1;0;;7;10;4;5;8;6;8;9;12;4;40;16;160;;n;62;7;35;34;19;23;17;0;0;1;16;57;68;92;76;28;16
Wills;w;334;3;5;7;5;2;3;0;;;;13;17;7;12;14;15;15;22;25;7.5;75;56.25;562.5;;n;127;13;77;63;36;52;33;0;0;1;;115;247.5;390;270;97.5;
Wills;w;337;3;14;0;0;0;0;0;0;0;;10;18;15;15;12;14;13;15;18;6.5;65;42.25;422.5;28;n;120;10;60;70;48;42;42;0;0;1;17;112;273;273;312;65;17
Wills;w;338;1;2;4;0;0;0;0;0;;;8;8;5;6;10;15;20;10;;5.9;59;34.81;348.1;34;n;74;8;45;37;19;45;21;0;0;1;7;82;123.9;265.5;112.1;47.2;
Wills;w;339;3;2;0;0;0;3;3;;;;7;8;6;7;10;12;10;;;6;60;36;360;33;n;53;7;22;38;21;22;23;0;0;1;;;138;132;126;42;
Wills;w;341;3;2;4;5;6;;;;;;;;;;;;;;;12;120;144;1440;41;n;;;;;;;;0;0;1;;;;;;;
Wills;w;347;0;7;19;0;4;21;0;0;;;6;13;12;6;7;9;15;12;;6.4;64;40.96;409.6;30;n;74;6;36;44;31;36;25;0;0;1;51;80;160;230.4;198.4;38.4;
Wills;w;356;0;7;0;0;0;0;0;;;;7;10;12;13;10;12;15;;;6.4;64;40.96;409.6;;n;72;7;27;52;35;27;35;0;0;1;;;224;172.8;224;44.8;
Wills;w;358;0;4;0;0;0;0;0;0;0;;8;6;7;5;8;9;10;17;14;4.7;47;22.09;220.9;;n;76;8;50;34;18;36;20;0;0;1;4;70;94;169.2;84.6;37.6;4
Wills;w;359;4;0;1;4;0;0;0;;;;10;14;12;6;8;15;18;;;4;40;16;160;;n;73;10;33;50;32;33;26;0;0;1;;;104;132;128;40;
Wills;w;360;5;1;5;0;0;0;;;;;8;15;8;10;12;10;;;;7;70;49;490;36;n;55;8;10;53;33;10;30;0;0;1;;;210;70;231;56;
Wills;w;361;0;1;0;0;0;0;;;;;12;17;15;12;8;10;;;;6.3;63;39.69;396.9;37;n;62;12;10;64;44;10;35;0;0;1;;;220.5;63;277.2;75.6;
Wills;w;362;0;2;3;0;;;;;;;5;6;10;12;;;;;;5.9;59;34.81;348.1;32;n;28;5;;33;28;;22;0;0;1;;;129.8;;165.2;29.5;
Wills;w;363;5;0;0;;;;;;;;12;20;15;;;;;;;4.7;47;22.09;220.9;22;n;35;12;;47;35;;15;0;0;1;;;70.5;;164.5;56.4;
